coefficient,std_error,t_stat,p_value,ci_lower,ci_upper
-1.6672916666667092,0.23459312726959802,-7.10716330896869,1.27675647831893e-12,-2.1271489246263227,-1.2074344087070958
