term,coefficient,std_error,t_stat,p_value,ci_lower,ci_upper
ring_0_05_post,-1.7024473067915866,0.15923999408213413,-10.69107868663625,0.0,-2.014594854220133,-1.3902997593630402
ring_05_1_post,-0.5629992548435179,0.0700623971726208,-8.035683584396802,1.1102230246251565e-15,-0.700337902527203,-0.42566060715983284
ring_1_15_post,-0.3470901639344283,0.04840604955882708,-7.170388145651409,8.08242361927114e-13,-0.4419773167353702,-0.2522030111334864
